0,Total Area Of All Shapes,1556.5265241302611
1,Ellipse,289.02652413026095
2,Circle,226.1946710584651
3,Non-Circle,62.83185307179586
4,Regular Polygons,417
5,Square,221
6,Equilateral,196
7,Convex Polygons,850.5
8,Rectangle,490
9,Isosceles,181
10,Scalene,179.5
